{
    "mean": [
        -0.27364782803236787,
        -0.10966486413798401,
        1.1483508365197483,
        0.1759849961509176,
        0.08727298106021641,
        0.14022545015663032,
        0.6412643888976319,
        -3.553431308938987,
        -22.59456830253116,
        0.5137962487717891
    ],
    "std": [
        2.0412242294288268,
        2.087384229439445,
        3.391326720874608,
        0.7349341546419119,
        0.6896382531623465,
        0.46695495158422184,
        34.27887399655497,
        38.85380259041349,
        41.940604250687215,
        1.8614441708098055
    ],
    "feature_names": [
        "acc_x_axis",
        "acc_y_axis",
        "acc_z_axis",
        "gyro_x_axis",
        "gyro_y_axis",
        "gyro_z_axis",
        "magn_x_axis",
        "magn_y_axis",
        "magn_z_axis",
        "gps_speed"
    ]
}