{
  "data_min": [
    -45.3771629333496,
    -70.8245239257812,
    -60.9893074035645,
    -6.96327209472656,
    -12.8759899139404,
    -9.42963886260986,
    -111.454772949219,
    -100.319999694824,
    -103.799995422363,
    0.0,
    0.0,
    0.0,
    0.0,
    0.0,
    2.0
  ],
  "data_max": [
    60.3410911560059,
    26.1596984863281,
    52.2471084594727,
    10.1945133209229,
    12.3510684967041,
    9.92751502990723,
    132.660003662109,
    91.1399993896484,
    181.679992675781,
    0.149049189999999,
    0.223374320000005,
    191.29345703125,
    23.6297378540039,
    357.399993896484,
    2700.0
  ],
  "feature_names": [
    "acc_x_axis",
    "acc_y_axis",
    "acc_z_axis",
    "gyro_x_axis",
    "gyro_y_axis",
    "gyro_z_axis",
    "magn_x_axis",
    "magn_y_axis",
    "magn_z_axis",
    "gps_lat_increment",
    "gps_long_increment",
    "gps_alt_increment",
    "gps_speed",
    "gps_bearing",
    "gps_accuracy"
  ],
  "n_features": 15,
  "description": "MinMaxScaler normalization parameters: normalized_value = (x - data_min) / (data_max - data_min)",
  "data_range": [
    105.7182540893555,
    96.98422241210929,
    113.2364158630372,
    17.15778541564946,
    25.2270584106445,
    19.35715389251709,
    244.114776611328,
    191.4599990844724,
    285.47998809814396,
    0.149049189999999,
    0.223374320000005,
    191.29345703125,
    23.6297378540039,
    357.399993896484,
    2698.0
  ]
}